-- phpMyAdmin SQL Dump
-- version 5.0.1
-- https://www.phpmyadmin.net/
--
-- Host: 127.0.0.1
-- Czas generowania: 13 Mar 2020, 22:11
-- Wersja serwera: 10.4.11-MariaDB
-- Wersja PHP: 7.4.1

SET SQL_MODE = "NO_AUTO_VALUE_ON_ZERO";
SET AUTOCOMMIT = 0;
START TRANSACTION;
SET time_zone = "+00:00";


/*!40101 SET @OLD_CHARACTER_SET_CLIENT=@@CHARACTER_SET_CLIENT */;
/*!40101 SET @OLD_CHARACTER_SET_RESULTS=@@CHARACTER_SET_RESULTS */;
/*!40101 SET @OLD_COLLATION_CONNECTION=@@COLLATION_CONNECTION */;
/*!40101 SET NAMES utf8mb4 */;

--
-- Baza danych: `bianca`
--

-- --------------------------------------------------------

--
-- Struktura tabeli dla tabeli `day`
--

CREATE TABLE `day` (
  `id` int(11) NOT NULL,
  `month` int(11) NOT NULL,
  `dayDate` int(11) NOT NULL,
  `dayOfWeek` int(11) NOT NULL
) ENGINE=InnoDB DEFAULT CHARSET=utf8mb4;

--
-- Zrzut danych tabeli `day`
--

INSERT INTO `day` (`id`, `month`, `dayDate`, `dayOfWeek`) VALUES
(32, 2, 1, 6),
(33, 2, 2, 0),
(34, 2, 3, 1),
(35, 2, 4, 2),
(36, 2, 5, 3),
(37, 2, 6, 4),
(38, 2, 7, 5),
(39, 2, 8, 6),
(40, 2, 9, 0),
(41, 2, 10, 1),
(42, 2, 11, 2),
(43, 2, 12, 3),
(44, 2, 13, 4),
(45, 2, 14, 5),
(46, 2, 15, 6),
(47, 2, 16, 0),
(48, 2, 17, 1),
(49, 2, 18, 2),
(50, 2, 19, 3),
(51, 2, 20, 4),
(52, 2, 21, 5),
(53, 2, 22, 6),
(54, 2, 23, 0),
(55, 2, 24, 1),
(56, 2, 25, 2),
(57, 2, 26, 3),
(58, 2, 27, 4),
(59, 2, 28, 5),
(60, 2, 29, 6),
(61, 3, 1, 0),
(62, 3, 2, 1),
(63, 3, 3, 2),
(64, 3, 4, 3),
(65, 3, 5, 4),
(66, 3, 6, 5),
(67, 3, 7, 6),
(68, 3, 8, 0),
(69, 3, 9, 1),
(70, 3, 10, 2),
(71, 3, 11, 3),
(72, 3, 12, 4),
(73, 3, 13, 5),
(74, 3, 14, 6),
(75, 3, 15, 0),
(76, 3, 16, 1),
(77, 3, 17, 2),
(78, 3, 18, 3),
(79, 3, 19, 4),
(80, 3, 20, 5),
(81, 3, 21, 6),
(82, 3, 22, 0),
(83, 3, 23, 1),
(84, 3, 24, 2),
(85, 3, 25, 3),
(86, 3, 26, 4),
(87, 3, 27, 5),
(88, 3, 28, 6),
(89, 3, 29, 0),
(90, 3, 30, 1),
(91, 3, 31, 2),
(92, 4, 1, 3),
(93, 4, 2, 4),
(94, 4, 3, 5),
(95, 4, 4, 6),
(96, 4, 5, 0),
(97, 4, 6, 1),
(98, 4, 7, 2),
(99, 4, 8, 3),
(100, 4, 9, 4),
(101, 4, 10, 5),
(102, 4, 11, 6),
(103, 4, 12, 0),
(104, 4, 13, 1),
(105, 4, 14, 2),
(106, 4, 15, 3),
(107, 4, 16, 4),
(108, 4, 17, 5),
(109, 4, 18, 6),
(110, 4, 19, 0),
(111, 4, 20, 1),
(112, 4, 21, 2),
(113, 4, 22, 3),
(114, 4, 23, 4),
(115, 4, 24, 5),
(116, 4, 25, 6),
(117, 4, 26, 0),
(118, 4, 27, 1),
(119, 4, 28, 2),
(120, 4, 29, 3),
(121, 4, 30, 4),
(122, 4, 31, 5),
(123, 5, 1, 3),
(124, 5, 2, 4),
(125, 5, 3, 5),
(126, 5, 4, 6),
(127, 5, 5, 0),
(128, 5, 6, 1),
(129, 5, 7, 2),
(130, 5, 8, 3),
(131, 5, 9, 4),
(132, 5, 10, 5),
(133, 5, 11, 6),
(134, 5, 12, 0),
(135, 5, 13, 1),
(136, 5, 14, 2),
(137, 5, 15, 3),
(138, 5, 16, 4),
(139, 5, 17, 5),
(140, 5, 18, 6),
(141, 5, 19, 0),
(142, 5, 20, 1),
(143, 5, 21, 2),
(144, 5, 22, 3),
(145, 5, 23, 4),
(146, 5, 24, 5),
(147, 5, 25, 6),
(148, 5, 26, 0),
(149, 5, 27, 1),
(150, 5, 28, 2),
(151, 5, 29, 3),
(152, 5, 30, 4);

-- --------------------------------------------------------

--
-- Struktura tabeli dla tabeli `dayworker`
--

CREATE TABLE `dayworker` (
  `id` int(11) NOT NULL,
  `dayId` int(11) NOT NULL,
  `monthId` int(11) NOT NULL,
  `workerId` int(11) NOT NULL,
  `start` time NOT NULL,
  `end` time NOT NULL,
  `workingHours` float NOT NULL,
  `higherPay` tinyint(1) NOT NULL
) ENGINE=InnoDB DEFAULT CHARSET=utf8mb4;

--
-- Zrzut danych tabeli `dayworker`
--

INSERT INTO `dayworker` (`id`, `dayId`, `monthId`, `workerId`, `start`, `end`, `workingHours`, `higherPay`) VALUES
(91, 32, 2, 8, '08:30:00', '21:00:00', 12.5, 0),
(92, 32, 2, 5, '08:30:00', '21:00:00', 12.5, 0),
(93, 32, 2, 3, '08:30:00', '21:00:00', 12.5, 0),
(94, 33, 2, 5, '09:30:00', '21:00:00', 11.5, 0),
(95, 33, 2, 7, '09:30:00', '21:00:00', 11.5, 0),
(96, 33, 2, 2, '09:30:00', '21:00:00', 11.5, 0),
(97, 33, 2, 8, '09:30:00', '21:00:00', 11.5, 0),
(98, 34, 2, 3, '07:30:00', '20:00:00', 12.5, 0),
(99, 34, 2, 6, '07:30:00', '20:00:00', 12.5, 0),
(100, 35, 2, 5, '07:30:00', '20:00:00', 12.5, 0),
(101, 35, 2, 7, '07:30:00', '20:00:00', 12.5, 0),
(102, 36, 2, 1, '07:30:00', '20:00:00', 12.5, 0),
(103, 36, 2, 7, '07:30:00', '20:00:00', 12.5, 0),
(104, 37, 2, 7, '07:30:00', '20:00:00', 12.5, 0),
(105, 37, 2, 5, '07:30:00', '20:00:00', 12.5, 0),
(106, 38, 2, 2, '07:30:00', '21:00:00', 13.5, 0),
(107, 38, 2, 7, '07:30:00', '21:00:00', 13.5, 0),
(108, 39, 2, 2, '08:30:00', '21:00:00', 12.5, 0),
(109, 39, 2, 5, '08:30:00', '21:00:00', 12.5, 0),
(110, 39, 2, 7, '08:30:00', '21:00:00', 12.5, 0),
(111, 40, 2, 4, '09:30:00', '21:00:00', 11.5, 0),
(112, 40, 2, 6, '09:30:00', '21:00:00', 11.5, 0),
(113, 40, 2, 2, '09:30:00', '21:00:00', 11.5, 0),
(114, 40, 2, 8, '09:30:00', '21:00:00', 11.5, 0),
(115, 41, 2, 6, '07:30:00', '20:00:00', 12.5, 0),
(116, 41, 2, 2, '07:30:00', '20:00:00', 12.5, 0),
(117, 42, 2, 7, '07:30:00', '20:00:00', 12.5, 0),
(118, 42, 2, 4, '07:30:00', '20:00:00', 12.5, 0),
(119, 43, 2, 5, '07:30:00', '20:00:00', 12.5, 0),
(120, 43, 2, 4, '07:30:00', '20:00:00', 12.5, 0),
(121, 44, 2, 4, '07:30:00', '20:00:00', 12.5, 0),
(122, 44, 2, 5, '07:30:00', '20:00:00', 12.5, 0),
(123, 45, 2, 7, '07:30:00', '21:00:00', 13.5, 0),
(124, 45, 2, 8, '07:30:00', '21:00:00', 13.5, 0),
(125, 46, 2, 1, '08:30:00', '21:00:00', 12.5, 0),
(126, 46, 2, 3, '08:30:00', '21:00:00', 12.5, 0),
(127, 46, 2, 2, '08:30:00', '21:00:00', 12.5, 0),
(128, 47, 2, 5, '09:30:00', '21:00:00', 11.5, 0),
(129, 47, 2, 4, '09:30:00', '21:00:00', 11.5, 0),
(130, 47, 2, 8, '09:30:00', '21:00:00', 11.5, 0),
(131, 47, 2, 6, '09:30:00', '21:00:00', 11.5, 0),
(132, 48, 2, 1, '07:30:00', '20:00:00', 12.5, 0),
(133, 48, 2, 8, '07:30:00', '20:00:00', 12.5, 0),
(134, 49, 2, 7, '07:30:00', '20:00:00', 12.5, 0),
(135, 49, 2, 3, '07:30:00', '20:00:00', 12.5, 0),
(136, 50, 2, 3, '07:30:00', '20:00:00', 12.5, 0),
(137, 50, 2, 7, '07:30:00', '20:00:00', 12.5, 0),
(138, 51, 2, 7, '07:30:00', '20:00:00', 12.5, 0),
(139, 51, 2, 6, '07:30:00', '20:00:00', 12.5, 0),
(140, 52, 2, 2, '07:30:00', '21:00:00', 13.5, 0),
(141, 52, 2, 6, '07:30:00', '21:00:00', 13.5, 0),
(142, 53, 2, 3, '08:30:00', '21:00:00', 12.5, 0),
(143, 53, 2, 8, '08:30:00', '21:00:00', 12.5, 0),
(144, 53, 2, 1, '08:30:00', '21:00:00', 12.5, 0),
(145, 54, 2, 5, '09:30:00', '21:00:00', 11.5, 0),
(146, 54, 2, 2, '09:30:00', '21:00:00', 11.5, 0),
(147, 54, 2, 1, '09:30:00', '21:00:00', 11.5, 0),
(148, 54, 2, 4, '09:30:00', '21:00:00', 11.5, 0),
(149, 55, 2, 8, '07:30:00', '20:00:00', 12.5, 0),
(150, 55, 2, 7, '07:30:00', '20:00:00', 12.5, 0),
(151, 56, 2, 5, '07:30:00', '20:00:00', 12.5, 0),
(152, 56, 2, 2, '07:30:00', '20:00:00', 12.5, 0),
(153, 57, 2, 1, '07:30:00', '20:00:00', 12.5, 0),
(154, 57, 2, 5, '07:30:00', '20:00:00', 12.5, 0),
(155, 58, 2, 6, '07:30:00', '20:00:00', 12.5, 0),
(156, 58, 2, 4, '07:30:00', '20:00:00', 12.5, 0),
(157, 59, 2, 3, '07:30:00', '21:00:00', 13.5, 0),
(158, 59, 2, 5, '07:30:00', '21:00:00', 13.5, 0),
(159, 60, 2, 2, '08:30:00', '21:00:00', 12.5, 0),
(160, 60, 2, 1, '08:30:00', '21:00:00', 12.5, 0),
(161, 60, 2, 3, '08:30:00', '21:00:00', 12.5, 0),
(162, 61, 3, 2, '09:30:00', '21:00:00', 11.5, 0),
(164, 61, 3, 5, '09:30:00', '21:00:00', 11.5, 0),
(165, 61, 3, 4, '09:30:00', '21:00:00', 11.5, 0),
(166, 62, 3, 4, '07:30:00', '20:00:00', 12.5, 0),
(167, 62, 3, 2, '07:30:00', '20:00:00', 12.5, 0),
(168, 63, 3, 3, '07:30:00', '20:00:00', 12.5, 0),
(169, 63, 3, 4, '07:30:00', '20:00:00', 12.5, 0),
(170, 64, 3, 5, '07:30:00', '20:00:00', 12.5, 0),
(171, 64, 3, 3, '07:30:00', '20:00:00', 12.5, 0),
(172, 65, 3, 5, '07:30:00', '20:00:00', 12.5, 0),
(173, 65, 3, 8, '07:30:00', '20:00:00', 12.5, 0),
(174, 66, 3, 5, '07:30:00', '21:00:00', 13.5, 0),
(175, 66, 3, 4, '07:30:00', '21:00:00', 13.5, 0),
(176, 67, 3, 8, '08:30:00', '21:00:00', 12.5, 0),
(177, 67, 3, 1, '08:30:00', '21:00:00', 12.5, 0),
(178, 67, 3, 3, '08:30:00', '21:00:00', 12.5, 0),
(179, 68, 3, 3, '09:30:00', '21:00:00', 11.5, 0),
(180, 68, 3, 5, '09:30:00', '21:00:00', 11.5, 0),
(181, 68, 3, 1, '09:30:00', '21:00:00', 11.5, 0),
(182, 68, 3, 6, '09:30:00', '21:00:00', 11.5, 0),
(183, 69, 3, 3, '07:30:00', '20:00:00', 12.5, 0),
(184, 69, 3, 5, '07:30:00', '20:00:00', 12.5, 0),
(185, 70, 3, 3, '07:30:00', '20:00:00', 12.5, 0),
(186, 70, 3, 6, '07:30:00', '20:00:00', 12.5, 0),
(187, 71, 3, 8, '07:30:00', '20:00:00', 12.5, 0),
(188, 71, 3, 2, '07:30:00', '20:00:00', 12.5, 0),
(189, 72, 3, 1, '07:30:00', '20:00:00', 12.5, 0),
(190, 72, 3, 8, '07:30:00', '20:00:00', 12.5, 0),
(191, 73, 3, 3, '07:30:00', '21:00:00', 13.5, 0),
(192, 73, 3, 1, '07:30:00', '21:00:00', 13.5, 0),
(193, 74, 3, 6, '08:30:00', '21:00:00', 12.5, 0),
(194, 74, 3, 8, '08:30:00', '21:00:00', 12.5, 0),
(195, 74, 3, 2, '08:30:00', '21:00:00', 12.5, 0),
(196, 75, 3, 8, '09:30:00', '21:00:00', 11.5, 0),
(197, 75, 3, 5, '09:30:00', '21:00:00', 11.5, 0),
(198, 75, 3, 3, '09:30:00', '21:00:00', 11.5, 0),
(199, 75, 3, 1, '09:30:00', '21:00:00', 11.5, 0),
(200, 76, 3, 4, '07:30:00', '20:00:00', 12.5, 0),
(201, 76, 3, 3, '07:30:00', '20:00:00', 12.5, 0),
(202, 77, 3, 8, '07:30:00', '20:00:00', 12.5, 0),
(203, 77, 3, 2, '07:30:00', '20:00:00', 12.5, 0),
(204, 78, 3, 4, '07:30:00', '20:00:00', 12.5, 0),
(205, 78, 3, 3, '07:30:00', '20:00:00', 12.5, 0),
(206, 79, 3, 4, '07:30:00', '20:00:00', 12.5, 0),
(207, 79, 3, 3, '07:30:00', '20:00:00', 12.5, 0),
(208, 80, 3, 8, '07:30:00', '21:00:00', 13.5, 0),
(209, 80, 3, 1, '07:30:00', '21:00:00', 13.5, 0),
(210, 81, 3, 4, '08:30:00', '21:00:00', 12.5, 0),
(211, 81, 3, 3, '08:30:00', '21:00:00', 12.5, 0),
(212, 81, 3, 2, '08:30:00', '21:00:00', 12.5, 0),
(213, 82, 3, 3, '09:30:00', '21:00:00', 11.5, 0),
(214, 82, 3, 1, '09:30:00', '21:00:00', 11.5, 0),
(215, 82, 3, 2, '09:30:00', '21:00:00', 11.5, 0),
(216, 82, 3, 4, '09:30:00', '21:00:00', 11.5, 0),
(217, 83, 3, 8, '07:30:00', '20:00:00', 12.5, 0),
(218, 83, 3, 6, '07:30:00', '20:00:00', 12.5, 0),
(219, 84, 3, 8, '07:30:00', '20:00:00', 12.5, 0),
(220, 84, 3, 3, '07:30:00', '20:00:00', 12.5, 0),
(221, 85, 3, 5, '07:30:00', '20:00:00', 12.5, 0),
(222, 85, 3, 3, '07:30:00', '20:00:00', 12.5, 0),
(223, 86, 3, 8, '07:30:00', '20:00:00', 12.5, 0),
(224, 86, 3, 4, '07:30:00', '20:00:00', 12.5, 0),
(225, 87, 3, 6, '07:30:00', '21:00:00', 13.5, 0),
(226, 87, 3, 1, '07:30:00', '21:00:00', 13.5, 0),
(227, 88, 3, 8, '08:30:00', '21:00:00', 12.5, 0),
(228, 88, 3, 4, '08:30:00', '21:00:00', 12.5, 0),
(229, 88, 3, 3, '08:30:00', '21:00:00', 12.5, 0),
(230, 89, 3, 2, '09:30:00', '21:00:00', 11.5, 0),
(231, 89, 3, 6, '09:30:00', '21:00:00', 11.5, 0),
(232, 89, 3, 5, '09:30:00', '21:00:00', 11.5, 0),
(233, 89, 3, 3, '09:30:00', '21:00:00', 11.5, 0),
(234, 90, 3, 1, '07:30:00', '20:00:00', 12.5, 0),
(235, 90, 3, 2, '07:30:00', '20:00:00', 12.5, 0),
(236, 91, 3, 4, '07:30:00', '20:00:00', 12.5, 0),
(237, 91, 3, 1, '07:30:00', '20:00:00', 12.5, 0),
(238, 92, 4, 4, '07:30:00', '20:00:00', 12.5, 0),
(239, 92, 4, 6, '07:30:00', '20:00:00', 12.5, 0),
(240, 93, 4, 6, '07:30:00', '20:00:00', 12.5, 0),
(241, 93, 4, 2, '07:30:00', '20:00:00', 12.5, 0),
(242, 94, 4, 1, '07:30:00', '21:00:00', 13.5, 0),
(243, 94, 4, 3, '07:30:00', '21:00:00', 13.5, 0),
(244, 95, 4, 4, '08:30:00', '21:00:00', 12.5, 0),
(245, 95, 4, 7, '08:30:00', '21:00:00', 12.5, 0),
(246, 95, 4, 1, '08:30:00', '21:00:00', 12.5, 0),
(247, 96, 4, 8, '09:30:00', '21:00:00', 11.5, 0),
(249, 96, 4, 5, '09:30:00', '21:00:00', 11.5, 0),
(250, 96, 4, 1, '09:30:00', '21:00:00', 11.5, 0),
(251, 97, 4, 3, '07:30:00', '20:00:00', 12.5, 0),
(252, 97, 4, 8, '07:30:00', '20:00:00', 12.5, 0),
(253, 98, 4, 3, '07:30:00', '20:00:00', 12.5, 0),
(254, 98, 4, 6, '07:30:00', '20:00:00', 12.5, 0),
(255, 99, 4, 2, '07:30:00', '20:00:00', 12.5, 0),
(256, 99, 4, 6, '07:30:00', '20:00:00', 12.5, 0),
(257, 100, 4, 5, '07:30:00', '20:00:00', 12.5, 0),
(258, 100, 4, 6, '07:30:00', '20:00:00', 12.5, 0),
(259, 101, 4, 5, '07:30:00', '21:00:00', 13.5, 0),
(260, 101, 4, 4, '07:30:00', '21:00:00', 13.5, 0),
(261, 102, 4, 4, '08:30:00', '21:00:00', 12.5, 0),
(262, 102, 4, 6, '08:30:00', '21:00:00', 12.5, 0),
(263, 102, 4, 5, '08:30:00', '21:00:00', 12.5, 0),
(264, 103, 4, 7, '09:30:00', '21:00:00', 11.5, 0),
(265, 103, 4, 3, '09:30:00', '21:00:00', 11.5, 0),
(266, 103, 4, 2, '09:30:00', '21:00:00', 11.5, 0),
(267, 103, 4, 6, '09:30:00', '21:00:00', 11.5, 0),
(268, 104, 4, 3, '07:30:00', '20:00:00', 12.5, 0),
(269, 104, 4, 7, '07:30:00', '20:00:00', 12.5, 0),
(270, 105, 4, 1, '07:30:00', '20:00:00', 12.5, 0),
(271, 105, 4, 3, '07:30:00', '20:00:00', 12.5, 0),
(272, 107, 4, 6, '07:30:00', '20:00:00', 12.5, 0),
(273, 107, 4, 7, '07:30:00', '20:00:00', 12.5, 0),
(274, 108, 4, 5, '07:30:00', '21:00:00', 13.5, 0),
(275, 108, 4, 3, '07:30:00', '21:00:00', 13.5, 0),
(276, 109, 4, 7, '08:30:00', '21:00:00', 12.5, 0),
(277, 109, 4, 1, '08:30:00', '21:00:00', 12.5, 0),
(278, 109, 4, 3, '08:30:00', '21:00:00', 12.5, 0),
(279, 110, 4, 1, '09:30:00', '21:00:00', 11.5, 0),
(280, 110, 4, 6, '09:30:00', '21:00:00', 11.5, 0),
(281, 110, 4, 8, '09:30:00', '21:00:00', 11.5, 0),
(282, 110, 4, 5, '09:30:00', '21:00:00', 11.5, 0),
(283, 111, 4, 6, '07:30:00', '20:00:00', 12.5, 0),
(284, 111, 4, 7, '07:30:00', '20:00:00', 12.5, 0),
(285, 112, 4, 8, '07:30:00', '20:00:00', 12.5, 0),
(286, 112, 4, 1, '07:30:00', '20:00:00', 12.5, 0),
(287, 113, 4, 6, '07:30:00', '20:00:00', 12.5, 0),
(288, 113, 4, 8, '07:30:00', '20:00:00', 12.5, 0),
(289, 114, 4, 3, '07:30:00', '20:00:00', 12.5, 0),
(290, 114, 4, 1, '07:30:00', '20:00:00', 12.5, 0),
(291, 115, 4, 5, '07:30:00', '21:00:00', 13.5, 0),
(292, 115, 4, 3, '07:30:00', '21:00:00', 13.5, 0),
(293, 116, 4, 4, '08:30:00', '21:00:00', 12.5, 0),
(294, 116, 4, 6, '08:30:00', '21:00:00', 12.5, 0),
(295, 116, 4, 8, '08:30:00', '21:00:00', 12.5, 0),
(296, 117, 4, 8, '09:30:00', '21:00:00', 11.5, 0),
(297, 117, 4, 1, '09:30:00', '21:00:00', 11.5, 0),
(298, 117, 4, 5, '09:30:00', '21:00:00', 11.5, 0),
(299, 117, 4, 6, '09:30:00', '21:00:00', 11.5, 0),
(300, 118, 4, 8, '07:30:00', '20:00:00', 12.5, 0),
(301, 118, 4, 2, '07:30:00', '20:00:00', 12.5, 0),
(302, 119, 4, 4, '07:30:00', '20:00:00', 12.5, 0),
(303, 119, 4, 8, '07:30:00', '20:00:00', 12.5, 0),
(304, 120, 4, 2, '07:30:00', '20:00:00', 12.5, 0),
(305, 120, 4, 8, '07:30:00', '20:00:00', 12.5, 0),
(306, 121, 4, 8, '07:30:00', '20:00:00', 12.5, 0),
(307, 121, 4, 3, '07:30:00', '20:00:00', 12.5, 0),
(308, 122, 4, 2, '07:30:00', '21:00:00', 13.5, 0),
(309, 122, 4, 8, '07:30:00', '21:00:00', 13.5, 0),
(310, 96, 4, 3, '07:30:00', '21:00:00', 13.5, 0),
(311, 123, 5, 1, '07:30:00', '20:30:00', 13, 0),
(312, 123, 5, 7, '07:30:00', '20:30:00', 13, 0),
(313, 124, 5, 7, '07:30:00', '20:30:00', 13, 0),
(314, 124, 5, 6, '07:30:00', '20:30:00', 13, 0),
(315, 125, 5, 10, '07:30:00', '21:30:00', 14, 0),
(316, 125, 5, 2, '07:30:00', '21:30:00', 14, 0),
(317, 126, 5, 7, '08:30:00', '21:30:00', 13, 0),
(318, 126, 5, 3, '08:30:00', '21:30:00', 13, 0),
(319, 126, 5, 8, '08:30:00', '21:30:00', 13, 0),
(320, 127, 5, 10, '09:30:00', '21:30:00', 12, 0),
(321, 127, 5, 8, '09:30:00', '21:30:00', 12, 0),
(322, 127, 5, 6, '09:30:00', '21:30:00', 12, 0),
(323, 127, 5, 1, '09:30:00', '21:30:00', 12, 0),
(324, 127, 5, 2, '09:30:00', '21:30:00', 12, 0),
(325, 128, 5, 1, '07:30:00', '20:30:00', 13, 0),
(326, 128, 5, 7, '07:30:00', '20:30:00', 13, 0),
(327, 129, 5, 7, '07:30:00', '20:30:00', 13, 0),
(328, 129, 5, 6, '07:30:00', '20:30:00', 13, 0),
(329, 130, 5, 2, '07:30:00', '20:30:00', 13, 0),
(330, 130, 5, 8, '07:30:00', '20:30:00', 13, 0),
(331, 131, 5, 2, '07:30:00', '20:30:00', 13, 0),
(332, 131, 5, 1, '07:30:00', '20:30:00', 13, 0),
(333, 132, 5, 8, '07:30:00', '21:30:00', 14, 0),
(334, 132, 5, 10, '07:30:00', '21:30:00', 14, 0),
(335, 133, 5, 3, '08:30:00', '21:30:00', 13, 0),
(336, 133, 5, 8, '08:30:00', '21:30:00', 13, 0),
(337, 133, 5, 6, '08:30:00', '21:30:00', 13, 0),
(338, 135, 5, 8, '07:30:00', '20:30:00', 13, 0),
(339, 135, 5, 1, '07:30:00', '20:30:00', 13, 0),
(340, 136, 5, 2, '07:30:00', '20:30:00', 13, 0),
(341, 136, 5, 1, '07:30:00', '20:30:00', 13, 0),
(342, 137, 5, 1, '07:30:00', '20:30:00', 13, 0),
(343, 137, 5, 8, '07:30:00', '20:30:00', 13, 0),
(344, 138, 5, 1, '07:30:00', '20:30:00', 13, 0),
(345, 138, 5, 2, '07:30:00', '20:30:00', 13, 0),
(346, 139, 5, 8, '07:30:00', '21:30:00', 14, 0),
(347, 139, 5, 2, '07:30:00', '21:30:00', 14, 0),
(348, 140, 5, 8, '08:30:00', '21:30:00', 13, 0),
(349, 140, 5, 2, '08:30:00', '21:30:00', 13, 0),
(350, 140, 5, 10, '08:30:00', '21:30:00', 13, 0),
(351, 141, 5, 7, '09:30:00', '21:30:00', 12, 0),
(352, 141, 5, 10, '09:30:00', '21:30:00', 12, 0),
(353, 141, 5, 3, '09:30:00', '21:30:00', 12, 0),
(354, 141, 5, 6, '09:30:00', '21:30:00', 12, 0),
(355, 141, 5, 8, '09:30:00', '21:30:00', 12, 0),
(356, 142, 5, 7, '07:30:00', '20:30:00', 13, 0),
(357, 142, 5, 10, '07:30:00', '20:30:00', 13, 0),
(358, 143, 5, 8, '07:30:00', '20:30:00', 13, 0),
(359, 143, 5, 10, '07:30:00', '20:30:00', 13, 0),
(360, 144, 5, 3, '07:30:00', '20:30:00', 13, 0),
(361, 144, 5, 10, '07:30:00', '20:30:00', 13, 0),
(362, 145, 5, 6, '07:30:00', '20:30:00', 13, 0),
(363, 145, 5, 1, '07:30:00', '20:30:00', 13, 0),
(364, 146, 5, 6, '07:30:00', '21:30:00', 14, 0),
(365, 146, 5, 2, '07:30:00', '21:30:00', 14, 0),
(366, 147, 5, 7, '08:30:00', '21:30:00', 13, 0),
(367, 147, 5, 8, '08:30:00', '21:30:00', 13, 0),
(368, 147, 5, 2, '08:30:00', '21:30:00', 13, 0),
(369, 148, 5, 7, '09:30:00', '21:30:00', 12, 0),
(370, 148, 5, 2, '09:30:00', '21:30:00', 12, 0),
(371, 148, 5, 8, '09:30:00', '21:30:00', 12, 0),
(372, 148, 5, 10, '09:30:00', '21:30:00', 12, 0),
(373, 148, 5, 1, '09:30:00', '21:30:00', 12, 0),
(374, 149, 5, 8, '07:30:00', '20:30:00', 13, 0),
(375, 149, 5, 7, '07:30:00', '20:30:00', 13, 0),
(376, 150, 5, 8, '07:30:00', '20:30:00', 13, 0),
(377, 150, 5, 10, '07:30:00', '20:30:00', 13, 0),
(378, 151, 5, 8, '07:30:00', '20:30:00', 13, 0),
(379, 151, 5, 10, '07:30:00', '20:30:00', 13, 0),
(380, 152, 5, 2, '07:30:00', '20:30:00', 13, 0),
(381, 152, 5, 10, '07:30:00', '20:30:00', 13, 0),
(384, 66, 3, 3, '07:30:00', '21:00:00', 13.5, 0),
(385, 61, 3, 3, '09:00:00', '21:00:00', 12, 0);

-- --------------------------------------------------------

--
-- Struktura tabeli dla tabeli `months`
--

CREATE TABLE `months` (
  `id` int(11) NOT NULL,
  `numberOfDays` int(11) NOT NULL,
  `year` int(11) NOT NULL,
  `monthNum` int(11) NOT NULL
) ENGINE=InnoDB DEFAULT CHARSET=utf8mb4;

--
-- Zrzut danych tabeli `months`
--

INSERT INTO `months` (`id`, `numberOfDays`, `year`, `monthNum`) VALUES
(2, 29, 20, 2),
(3, 31, 20, 3),
(4, 31, 20, 1),
(5, 30, 20, 4);

-- --------------------------------------------------------

--
-- Struktura tabeli dla tabeli `workers`
--

CREATE TABLE `workers` (
  `id` int(11) NOT NULL,
  `email` varchar(100) NOT NULL,
  `password` varchar(512) NOT NULL,
  `firstName` varchar(50) NOT NULL,
  `lastName` varchar(50) NOT NULL,
  `salary` int(11) NOT NULL,
  `jobTitle` int(11) NOT NULL DEFAULT 1
) ENGINE=InnoDB DEFAULT CHARSET=utf8mb4;

--
-- Zrzut danych tabeli `workers`
--

INSERT INTO `workers` (`id`, `email`, `password`, `firstName`, `lastName`, `salary`, `jobTitle`) VALUES
(1, 'karol.nowak@email.com', '$2y$10$.6rGf.1.yB1zWG/6.wbYbO6bT2RD.8TZUei5chEo5LEChwKXVyoYS', 'Karol', 'Nowak', 17, 2),
(2, 'kala@email.com', '$2y$10$9wNDDhxuTUCzO0qmw0Jjgus9O9z.0wtNI82ZFxloaTvMQ4NASIK0u', 'Karolina', 'Kowalska', 20, 2),
(3, 'felicja@email.com', '$2y$10$X1W6g5xq9xEaHhccTIjK8.OM3QBiXPrB4V1EHEcVMVoUxM6qKVSvy', 'Felicja', 'Kowalska', 15, 1),
(4, 'cecylia@email.com', '$2y$10$BvWdZJzk9PmgdviDhv46IesvN9dd20AdjnLOHSec6EB9ihiRRis22', 'Cecylia', 'Kowalska', 15, 1),
(5, 'danuta@email.com', '$2y$10$yjriIfa5B2u3D9MUmz9uWOZRQ3mdzDEJI4Au/VR.Xxr0Y9Dd1ANsK', 'Danuta', 'Kowalska', 18, 1),
(6, 'paula@email.com', '$2y$10$K/DY/nJQU4U9lic25xRATOvjTe.IHRGTUDVrRRdZuqx8NgfwcmPJ.', 'Paulia', 'Kowalsa', 16, 1),
(7, 'lucyna@email.co', '$2y$10$Z8dJx1oQEitxHhuUcE2Pp.w/44RQQOk4lNv8hP55tb6MpfzA3GFtu', 'Apolonia', 'Kowalska', 14, 1),
(8, 'karina@email.com', '$2y$10$QMAkJ6qMx4W4aQitSQm7AOTUgen1c2SwUawGDepgvRRADAxG7eItu', 'Karina', 'Kowalska', 19, 1),
(10, 'lenny@email.com', '$2y$10$F.Hh3FgrJMtO85t8TLV81OM/xCgEazoTOK7STNRppvEWYC8Q5G.Ce', 'Lenny', 'Belardo', 20, 1),
(11, 'john@email.com', '$2y$10$s27fWdXEe.LpfriJl9UH0Oq7j4z/wb4ip.NI5ssz1kTKhaxl6cUJ6', 'John', 'Malkovich', 15, 1),
(12, 'regina@email.com', '$2y$10$KjFlpUz6OmpD5wT2BGJu5OKUAQ5iH5E9cgfIzSKkL2.d5BS7Gd7K.', 'Regina', 'Felangie', 15, 1),
(13, 'rachel@email.com', '$2y$10$ScwAiylCoIF7xOZbk3Rzw.eIb1S4jO6ygoPKxLGI7lq30E66QIPwi', 'Rachel', 'Green', 15, 1);

--
-- Indeksy dla zrzutów tabel
--

--
-- Indeksy dla tabeli `day`
--
ALTER TABLE `day`
  ADD PRIMARY KEY (`id`);

--
-- Indeksy dla tabeli `dayworker`
--
ALTER TABLE `dayworker`
  ADD PRIMARY KEY (`id`);

--
-- Indeksy dla tabeli `months`
--
ALTER TABLE `months`
  ADD PRIMARY KEY (`id`);

--
-- Indeksy dla tabeli `workers`
--
ALTER TABLE `workers`
  ADD PRIMARY KEY (`id`);

--
-- AUTO_INCREMENT for dumped tables
--

--
-- AUTO_INCREMENT dla tabeli `day`
--
ALTER TABLE `day`
  MODIFY `id` int(11) NOT NULL AUTO_INCREMENT, AUTO_INCREMENT=153;

--
-- AUTO_INCREMENT dla tabeli `dayworker`
--
ALTER TABLE `dayworker`
  MODIFY `id` int(11) NOT NULL AUTO_INCREMENT, AUTO_INCREMENT=386;

--
-- AUTO_INCREMENT dla tabeli `months`
--
ALTER TABLE `months`
  MODIFY `id` int(11) NOT NULL AUTO_INCREMENT, AUTO_INCREMENT=6;

--
-- AUTO_INCREMENT dla tabeli `workers`
--
ALTER TABLE `workers`
  MODIFY `id` int(11) NOT NULL AUTO_INCREMENT, AUTO_INCREMENT=14;
COMMIT;

/*!40101 SET CHARACTER_SET_CLIENT=@OLD_CHARACTER_SET_CLIENT */;
/*!40101 SET CHARACTER_SET_RESULTS=@OLD_CHARACTER_SET_RESULTS */;
/*!40101 SET COLLATION_CONNECTION=@OLD_COLLATION_CONNECTION */;
